,Unnamed: 0,출발지 행정동,출발지 구주소
0,98, 수성동4가 ,대구 수성구 수성동4가
1,99, 송현동 ,서울 종로구 송현동
2,100, 각산동,대구 동구 각산동
3,101, 월성동,전북 김제시 월성동
4,102, 국우동 ,대구 북구 국우동
5,103, 대명동,전북 군산시 대명동
6,104, 이곡동,대구 달서구 이곡동
7,105, 입석동 ,전북 김제시 입석동
8,106, 신천동(신천4동),서울 송파구 신천동
9,107, 진인동,대구 동구 진인동
10,108, 범어동,경북 영천시 범어동
11,109, 지저동,대구 동구 지저동
12,111, 신암동,대구 동구 신암동
13,112, 신암동 ,대구 동구 신암동
14,114, 대천동,경기 안성시 대천동
15,115, 감삼동,대구 달서구 감삼동
16,117, 대명9동 ,대구 남구 대명9동
17,118, 성당동,대구 달서구 성당동
18,119, 상동,경기 부천시 원미구 상동
19,120, 침산동 ,대전 중구 침산동
20,121, 신매동,대구 수성구 신매동
21,122, 도원동,서울 용산구 도원동
22,123, 신천동(신천3동),서울 송파구 신천동
23,124, 칠성동1가,대구 북구 칠성동1가
24,125, 동산동,경기 고양시 덕양구 동산동
25,126, 남산동,서울 중구 남산동1가
26,127, 중동 ,서울 마포구 중동
27,129, 수성동3가,대구 수성구 수성동3가
28,132, 계산동2가,대구 중구 계산동2가
29,133, 봉덕동,대구 남구 봉덕동
30,135, 중리동 ,경기 안성시 중리동
31,137, 파동,대구 수성구 파동
32,138, 신암1동,대구 동구 신암1동
33,139, 옥포읍 ,대구 달성군 옥포읍
34,140, 종로1가,서울 종로구 종로1가
35,141, 노원동1가,대구 북구 노원동1가
36,142, 방촌동,대구 동구 방촌동
37,143, 감삼동 ,대구 달서구 감삼동
38,144, 도원동 ,서울 용산구 도원동
39,145, 산격1동,대구 북구 산격1동
40,146, 대흥동,서울 마포구 대흥동
41,147, 읍내동,충남 당진시 읍내동
42,150, 동암로 ,오류
43,151, 서변동,대구 북구 서변동
44,152, 학정동,대구 북구 학정동
45,155, 두류동,대구 달서구 두류동
46,157, 검단동 ,인천 서구 검단동
47,158, 대명11동,대구 남구 대명11동
48,160, 본동,서울 동작구 본동
49,161, 수창동,대구 중구 수창동
50,162, 대명동 ,전북 군산시 대명동
51,164, 신기동,충남 공주시 신기동
52,165, 동인동3가,대구 중구 동인동3가
53,166, 검사동,대구 동구 검사동
54,167, 범물동 ,대구 수성구 범물동
55,168, 황금동,전남 광양시 황금동
56,169, 만촌동,대구 수성구 만촌동
57,170, 다사읍,대구 달성군 다사읍
58,171, 원대동3가,대구 서구 원대동3가
59,173, 비산동,경기 안양시 동안구 비산동
60,174, 성당동 ,대구 달서구 성당동
61,175, 송현동,서울 종로구 송현동
62,176, 대명동(대명4동),전북 군산시 대명동
63,180, 대명동(대명1동),전북 군산시 대명동
64,181, 상인동,대구 달서구 상인동
65,182, 송현동(송현1동),서울 종로구 송현동
66,183, 상인동(상인2동),대구 달서구 상인동
67,193, 대곡동 ,인천 서구 대곡동
68,194, 월성동 ,전북 김제시 월성동
69,197, 내당동,대구 서구 내당동
70,198, 월성2동,대구 달서구 월성2동
71,200, 대명5동,대구 남구 대명5동
72,201, 두산동,강원특별자치도 강릉시 두산동
73,203, 공산동,대구 동구 공산동
74,204, 학정동 ,대구 북구 학정동
75,205, 동천동 ,경기 용인시 수지구 동천동
76,207, 범물동(범물2동),대구 수성구 범물동
77,208, 용계동,대전 동구 용계동
78,216, 비산동 ,경기 안양시 동안구 비산동
79,219, 율하동,경남 김해시 율하동
80,222, 시지동 ,대구 수성구 시지동
81,223, 만촌1동 ,대구 수성구 만촌1동
82,224, 수성동4가,대구 수성구 수성동4가
83,226, 지산동,경기 평택시 지산동
84,229, 대현동,서울 서대문구 대현동
85,231, 대명3동,대구 남구 대명3동
86,232, 노원동3가,대구 북구 노원동3가
87,233, 내당동 ,대구 서구 내당동
88,235, 산격동,대구 북구 산격동
89,239, 신천동,서울 송파구 신천동
90,243, 침산동,대전 중구 침산동
91,244, 신당동,서울 중구 신당동
92,247, 화원읍,대구 달성군 화원읍
93,248, 화원읍 성산리,대구 달성군 화원읍 성산리
94,250, 본리동 ,대구 달서구 본리동
95,255, 용산동,서울 용산구 용산2가동
96,256, 동변동 ,대구 북구 동변동
97,258, 봉산동,경기 안성시 봉산동
98,260, 범어3동,대구 수성구 범어3동
99,262, 국채보상로48길 ,오류
100,263, 장기동,경기 김포시 장기동
101,264, 수성동3가 ,대구 수성구 수성동3가
102,266, 신당동 ,서울 중구 신당동
103,268, 효목동 ,대구 동구 효목동
104,269, 상인동 ,대구 달서구 상인동
105,270, 중동,서울 마포구 중동
106,272, 범어동 ,경북 영천시 범어동
107,275, 검단동,인천 서구 검단동
108,278, 산격동 ,대구 북구 산격동
109,279, 태전동,경기 광주시 태전동
110,280, 입석동,전북 김제시 입석동
111,281, ,오류
112,283, 방촌동 ,대구 동구 방촌동
113,285, 수성동1가,대구 수성구 수성동1가
114,287, 용산동 ,서울 용산구 용산2가동
115,288, 두류남5길 ,오류
116,294, 율암동,대구 동구 율암동
117,295, 구지면,대구 달성군 구지면
118,296, 시지동,대구 수성구 시지동
119,297, 황금1동,대구 수성구 황금1동
120,299, 범어동(범어1동),경북 영천시 범어동
121,305, 남일동 ,대구 중구 남일동
122,306, 각산동 ,대구 동구 각산동
123,307, 향촌동,경남 사천시 향촌동
124,308, 중리동,경기 안성시 중리동
125,312, 평리동,경기 수원시 권선구 평리동
126,314, 내당1동,대구 서구 내당1동
127,316, 호산동,대구 달서구 호산동
128,320, 대명4동,대구 남구 대명4동
129,329, 황금동 ,전남 광양시 황금동
130,330, 봉무동,대구 동구 봉무동
131,335, 두류동 ,대구 달서구 두류동
132,340, 불로동,인천 서구 불로동
133,342, 대명9동,대구 남구 대명9동
134,344, 효목2동,대구 동구 효목2동
135,347, 노원3동,대구 북구 노원동3가
136,348, 칠곡3동,오류
137,349, 호산동 ,대구 달서구 호산동
138,350, 수성동1가(수성1가동),대구 수성구 수성동1가
139,354, 신매동 ,대구 수성구 신매동
140,355, 화원읍 ,대구 달성군 화원읍
141,359, 대림동,서울 영등포구 대림동
142,360, 사일동,대구 중구 사일동
143,363, 노변동,대구 수성구 노변동
144,366, 신평동,경기 고양시 덕양구 신평동
145,367, 괴전동,대구 동구 괴전동
146,371, 대명동(대명10동),전북 군산시 대명동
147,374, 삼덕동2가,대구 중구 삼덕동2가
148,380, 평리동 ,경기 수원시 권선구 평리동
149,381, 지산1동,광주 동구 지산1동
150,382, 평리3동,대구 서구 평리3동
151,389, 가천동,대구 수성구 가천동
152,391, 성내2동,서울 강동구 성내2동
153,392, 읍내동 ,충남 당진시 읍내동
154,400, 달구벌대로323길 ,오류
155,408, 남산동 ,서울 중구 남산동1가
156,411, 성내1동,서울 강동구 성내1동
157,412, 비산동(비산1동),경기 안양시 동안구 비산동
158,413, 효목동,대구 동구 효목동
159,415, 화원읍 구라리,대구 달성군 화원읍 구라리
160,416, 화원읍 천내리,대구 달성군 화원읍 천내리
161,417, 숙천동 ,대구 동구 숙천동
162,420, 남일동,대구 중구 남일동
163,423, 남산1동,대구 중구 남산1동
164,425, 태전동 ,경기 광주시 태전동
165,429, 삼덕동1가,대구 중구 삼덕동1가
166,432, 침산2동,대구 북구 침산2동
167,434, 사수동,대구 북구 사수동
168,435, 지산1동 ,광주 동구 지산1동
169,440, 대신동 ,서울 서대문구 대신동
170,445, 효목동(효목1동),대구 동구 효목동
171,457, 백안동,대구 동구 백안동
172,461, 복현동,대구 북구 복현동
173,462, 본리동,대구 달서구 본리동
174,464, 상인1동,대구 달서구 상인1동
175,470, 이천동,경북 안동시 이천동
176,472, 현풍면,대구 달성군 현풍읍
177,473, 대봉동,대구 중구 대봉동
178,476, 논공읍 ,대구 달성군 논공읍
179,482, 동인동1가 ,대구 중구 동인동1가
180,483, 논공읍,대구 달성군 논공읍
181,491, 화원읍 명곡리,대구 달성군 화원읍 명곡리
182,495, 지산동 ,경기 평택시 지산동
183,497, 관음동,대구 북구 관음동
184,498, 동천동,경기 용인시 수지구 동천동
185,501, 내당동(내당1동),대구 서구 내당동
186,502, 상중이동,대구 서구 상중이동
187,503, 죽전동,경기 용인시 수지구 죽전동
188,504, 이곡동 ,대구 달서구 이곡동
189,506, 두류3동,대구 달서구 두류3동
190,515, 북성로1가,대구 중구 북성로1가
191,519, 신천4동,대구 동구 신천4동
192,521, 동산동 ,경기 고양시 덕양구 동산동
193,524, 지묘동 ,대구 동구 지묘동
194,531, 진천동,대구 달서구 진천동
195,532, 태평로1가 ,서울 중구 태평로1가
196,538, 수성1가동,대구 수성구 수성1가동
197,540, 동인동2가,대구 중구 동인동2가
198,542, 구암동,대전 유성구 구암동
199,553, 가창면,대구 달성군 가창면
200,556, 가창면 ,대구 달성군 가창면
201,568, 칠성동2가 ,대구 북구 칠성동2가
202,580, 복현2동,대구 북구 복현2동
203,583, 대명동(대명3동),전북 군산시 대명동
204,587, 대명10동,대구 남구 대명10동
205,595, 대곡동,인천 서구 대곡동
206,601, 성당1동,대구 달서구 성당동
207,614, 전동 ,인천 중구 전동
208,617, 매호동,대구 수성구 매호동
209,626, 경안로107길 ,오류
210,628, 상인3동,대구 달서구 상인3동
211,630, 대명동(대명9동),전북 군산시 대명동
212,635, 안지랑로7길 ,오류
213,639, 수성2.3가동,대구 수성구 수성2.3가동
214,640, 도동,경북 영천시 도동
215,645, 용계동 ,대전 동구 용계동
216,652, 문화동,충북 청주시 상당구 문화동
217,653, 신평동 ,경기 고양시 덕양구 신평동
218,662, 범물동,대구 수성구 범물동
219,664, 구지면 도동리,대구 달성군 구지면 도동리
220,667, 가창면 용계리,대구 달성군 가창면 용계리
221,674, 칠성동2가,대구 북구 칠성동2가
222,694, 동인동2가 ,대구 중구 동인동2가
223,697, 공항로 ,오류
224,698, 신암동(신암1동),대구 동구 신암동
225,701, 신암2동,대구 동구 신암2동
226,703, 동인1.2.4가동,대구 중구 동인동1가
227,704, 복현동 ,대구 북구 복현동
228,710, >> ,오류
229,718, 평리동(평리4동),경기 수원시 권선구 평리동
230,726, 국우동,대구 북구 국우동
231,729, 팔달동 ,대구 북구 팔달동
232,730, 구암동 ,대전 유성구 구암동
233,737, 본동 ,서울 동작구 본동
234,743, 동인동3가(동인동),대구 중구 동인동3가
235,749, 수성동2가 ,대구 수성구 수성동2가
236,771, 시장북로,대구 중구 시장북로
237,781, 비산4동 ,대구 서구 비산4동
238,788, 대현동 ,서울 서대문구 대현동
239,800, 공평동,서울 종로구 공평동
240,804, 대명2동,대구 남구 대명2동
241,814, 서변동 ,대구 북구 서변동
242,827, 사수동 ,대구 북구 사수동
243,835, 동일동,대구 중구 동일동
244,840, 안지랑로13길 ,오류
245,845, 월성1동,대구 달서구 월성1동
246,850, 논공읍 남리,대구 달성군 논공읍 남리
247,851, 다사읍 ,대구 달성군 다사읍
248,864, 태평로3가,대구 중구 태평로3가
249,873, 태평로1가,서울 중구 태평로1가
250,878, 비산동(비산4동),경기 안양시 동안구 비산동
251,880, 옥포읍 간경리,대구 달성군 옥포읍 간경리
252,885, 대명5동 ,대구 남구 대명5동
253,886, 대신동,서울 서대문구 대신동
254,894, 옥포면,대구 달성군 옥포읍
255,910, 두류2동,대구 달서구 두류1.2동
256,934, 욱수동,대구 수성구 욱수동
257,936, 수성동2가,대구 수성구 수성동2가
258,951, 성당2동,대구 달서구 성당동
259,963, 달서로9길 ,오류
260,972, 율하동 ,경남 김해시 율하동
261,973, 현풍읍,대구 달성군 현풍읍
262,981, 상인2동,대구 달서구 상인2동
263,985, 평리동(평리5동),경기 수원시 권선구 평리동
264,992, 평리4동 ,대구 서구 평리4동
265,1008, 동변동,대구 북구 동변동
266,1012, 현풍읍 ,대구 달성군 현풍읍
267,1017, 신서동 ,대구 동구 신서동
268,1033, 102동1.2라인 ,오류
269,1047, 산격동(산격3동),대구 북구 산격동
270,1051, 인교동 ,대구 중구 인교동
271,1052, 장기동 ,경기 김포시 장기동
272,1062, 효목1동,대구 동구 효목1동
273,1063, 신암4동,대구 동구 신암4동
274,1072, 신천1.2동,서울 송파구 신천동
275,1083, 안심1동,대구 동구 안심1동
276,1092, 노곡동,대구 북구 노곡동
277,1094, 수성동1가 ,대구 수성구 수성동1가
278,1095, 동인동4가,대구 중구 동인동4가
279,1101, 사복동,대구 동구 사복동
280,1109, 봉덕동(봉덕3동),대구 남구 봉덕동
281,1113, 남산4동,대구 중구 남산4동
282,1121, 파동 ,대구 수성구 파동
283,1127, 하빈면 봉촌리,대구 달성군 하빈면 봉촌리
284,1153, 태평로2가,서울 중구 태평로2가
285,1155, 남산2동,대구 중구 남산2동
286,1159, 동호동,강원특별자치도 동해시 동호동
287,1196, 고성동3가 ,대구 북구 고성동3가
288,1201, 포정동,대구 중구 포정동
289,1203, 옥포읍,대구 달성군 옥포읍
290,1220, 서야동 ,대구 중구 서야동
291,1225, 유가읍 ,대구 달성군 유가읍
292,1229, 송현2동,인천 동구 송현1.2동
293,1242, 봉덕로9길 ,오류
294,1248, 만촌동 ,대구 수성구 만촌동
295,1258, 신서동,대구 동구 신서동
296,1264, 구지면 과학마을로2길,오류
297,1272, 진천동 ,대구 달서구 진천동
298,1275, 복현동(복현1동),대구 북구 복현동
299,1276, 수동,경기 남양주시 수동면
300,1277, 봉덕동 ,대구 남구 봉덕동
301,1320, 이천동 ,경북 안동시 이천동
302,1328, 평광동,대구 동구 평광동
303,1335, 번덕길 ,오류
304,1344, 두류동(두류1.2동),대구 달서구 두류동
305,1362, 다사읍 세천리,대구 달성군 다사읍 세천리
306,1371, 죽전동 ,경기 용인시 수지구 죽전동
307,1380, 안심3.4동,오류
308,1383, 만촌2동,대구 수성구 만촌2동
309,1384, 하빈면,대구 달성군 하빈면
310,1395, 성서동로 ,오류
311,1410, 산격동(산격1동),대구 북구 산격동
312,1432, 삼덕동,대구 수성구 삼덕동
313,1434, 괴전동 ,대구 동구 괴전동
314,1442, 서성로15길 ,오류
315,1450, 북비산로61길 ,오류
316,1459, 동변로 ,오류
317,1461, 팔달동,대구 북구 팔달동
318,1462, 평리6동 ,대구 서구 평리6동
319,1473, 범물1동,대구 수성구 범물1동
320,1485, 대명천로20길 ,오류
321,1490, 효목동(효목2동),대구 동구 효목동
322,1506, 덕산동,경북 포항시 북구 덕산동
323,1511, 대명3동 ,대구 남구 대명3동
324,1529, 대안동,전남 목포시 대안동
325,1534, 신천3동,대구 동구 신천3동
326,1544, 원대동1가,대구 서구 원대동1가
327,1548, 남성로,오류
328,1550, 하빈면 대평리,대구 달성군 하빈면 대평리
329,1583, 평리2동,대구 서구 평리2동
330,1587, 대봉1동,대구 중구 대봉1동
331,1593, 삼덕동2가 ,대구 중구 삼덕동2가
332,1601, 내당2.3동,대구 서구 내당동
333,1604, 서호동,경남 통영시 서호동
334,1611, 숙천동,대구 동구 숙천동
335,1618, 비산1동,경기 안양시 동안구 비산1동
336,1620, 노원동2가,대구 북구 노원동2가
337,1621, 봉덕동(봉덕1동),대구 남구 봉덕동
338,1624, 신암동(신암2동),대구 동구 신암동
339,1671, 호림동,대구 달서구 호림동
340,1679, 봉덕1동,대구 남구 봉덕1동
341,1680, 범어동(범어4동),경북 영천시 범어동
342,1684, 사월동,대구 수성구 사월동
343,1703, 동인동1가,대구 중구 동인동1가
344,1709, 옥포읍 강림리,대구 달성군 옥포읍 강림리
345,1716, 유천동,경기 평택시 유천동
346,1724, 산격4동,대구 북구 산격4동
347,1726, 달성동,대구 중구 달성동
348,1731, 유가면,대구 달성군 유가읍
349,1735, 연경동,대구 북구 연경동
350,1743, 신천동 ,서울 송파구 신천동
351,1744, 대현1동,대구 북구 대현동
352,1754, 평리동(평리1동),경기 수원시 권선구 평리동
353,1785, 파호동,대구 달서구 파호동
354,1788, 유천동 ,경기 평택시 유천동
355,1820, 만촌1동,대구 수성구 만촌1동
356,1822, 지묘동,대구 동구 지묘동
357,1844, 공평동 ,서울 종로구 공평동
358,1846, 지저동 ,대구 동구 지저동
359,1887, 서문로1가,대구 중구 서문로1가
360,1907, 수성4가동,대구 수성구 수성4가동
361,1941, 태평로2가 ,서울 중구 태평로2가
362,1951, 신암3동,대구 동구 신암3동
363,1985, 대명동(대명11동),전북 군산시 대명동
364,2011, 매천동 ,대구 북구 매천동
365,2054, 5번출구 ,오류
366,2082, 상리동,대구 서구 상리동
367,2092, 성동,서울 성동구
368,2134, 유가읍 용리,대구 달성군 유가읍 용리
369,2136, 구지면 응암리,대구 달성군 구지면 응암리
370,2145, 대명2동 ,대구 남구 대명2동
371,2168, 비산동(비산7동),경기 안양시 동안구 비산동
372,2223, 비산7동,대구 서구 비산7동
373,2232, 큰고개로 ,오류
374,2238, 용수동,대구 동구 용수동
375,2243, 대천동 ,경기 안성시 대천동
376,2244, 계산동2가 ,대구 중구 계산동2가
377,2251, 태평로3가 ,대구 중구 태평로3가
378,2256, 성당로 ,오류
379,2263, 큰장로25길 ,오류
380,2265, 평리1동,대구 서구 평리1동
381,2298, 평리동(평리3동),경기 수원시 권선구 평리동
382,2299, 침산1동,대구 북구 침산1동
383,2347, 동성로2가 ,대구 중구 동성로2가
384,2351, 만촌동(만촌1동),대구 수성구 만촌동
385,2364, 논공읍 북리,대구 달성군 논공읍 북리
386,2371, 유가읍,대구 달성군 유가읍
387,2442, 월배로80길 ,오류
388,2453, 송현1동,인천 동구 송현1.2동
389,2478, 구지면 평촌리,대구 달성군 구지면 평촌리
390,2488, 상동 ,경기 부천시 원미구 상동
391,2499, 비산2.3동,경기 안양시 동안구 비산동
392,2531, 고성동3가(고성동),대구 북구 고성동3가
393,2558, 평리동(평리2동),경기 수원시 권선구 평리동
394,2563, 대명천로11길 ,오류
395,2573, 평리4동,대구 서구 평리4동
396,2825, 구지면 ,대구 달성군 구지면
397,2835, 두산동 ,강원특별자치도 강릉시 두산동
398,2863, 화원읍 설화리,대구 달성군 화원읍 설화리
399,2878, 비산동(비산6동),경기 안양시 동안구 비산동
400,2884, 사복동 ,대구 동구 사복동
401,4002, 문화로43길 ,오류
402,4005, 노원동3가 ,대구 북구 노원동3가
403,4011, 원대동,대구 서구 원대동
404,4020, 욱수동 ,대구 수성구 욱수동
405,4045, 월곡로26안길 ,오류
406,4073, 학정동로 ,오류
407,4078, 매호동(고산3동),대구 수성구 매호동
408,4106, 봉덕3동,대구 남구 봉덕3동
409,4182, 유통단지로 ,오류
410,4183, 성서동로62길 ,오류
411,4201, 다사읍 매곡리,대구 달성군 다사읍 매곡리
412,4202, 포정동 ,대구 중구 포정동
413,4228, 남산동(남산1동),서울 중구 남산동1가
414,4233, 동문동,충남 서산시 동문동
415,4262, 비산4동,대구 서구 비산4동
416,4269, 대봉2동,대구 중구 대봉2동
417,4296, 범물2동,대구 수성구 범물2동
418,4363, 비산6동 ,대구 서구 비산6동
419,4464, 상인동(상인1동),대구 달서구 상인동
420,4488, 동호동 ,강원특별자치도 동해시 동호동
421,4490, 대봉동 ,대구 중구 대봉동
422,4492, 대명1동,대구 남구 대명1동
423,4572, (본사) ,오류
424,4611, 월드컵로 ,오류
425,4621, 삼덕동3가 ,대구 중구 삼덕동3가
426,4623, 유가읍 양리,대구 달성군 유가읍 양리
427,4640, 고성동3가,대구 북구 고성동3가
428,4646, 효목2동 ,대구 동구 효목2동
429,4650, 봉무동 ,대구 동구 봉무동
430,4681, 관음동 ,대구 북구 관음동
431,4687, 들안로40길 ,오류
432,4706, 산격동(산격4동),대구 북구 산격동
433,4725, 가창면 삼산리,대구 달성군 가창면 삼산리
434,4726, 대흥동 ,서울 마포구 대흥동
435,4729, 금호동,서울 성동구 금호동1가
436,4791, 남산3동,대구 중구 남산3동
437,4801, 칠성동,대구 북구 칠성동
438,4802, 침산3동,대구 북구 침산3동
439,4861, 선원로23남길 ,오류
440,4876, 수창동 ,대구 중구 수창동
441,4888, 서성로1가,대구 중구 서성로1가
442,4912, 화랑로 ,오류
443,4943, 원대동1가 ,대구 서구 원대동1가
444,4945, 옥포면 반송리,대구 달성군 옥포읍 반송리
445,4954, 대명1동 ,대구 남구 대명1동
446,4956, 조야동,대구 북구 조야동
447,4962, 용산동(용산2동),서울 용산구 용산2가동
448,4998, 북성로1가 ,대구 중구 북성로1가
449,5057, 명덕로28길 ,오류
450,5059, 대명동(대명2동),전북 군산시 대명동
451,5123, 덕곡동 ,경북 김천시 덕곡동
452,5134, 용산1동,대구 달서구 용산1동
453,5138, 동대구로 ,오류
454,5158, 달성동 ,대구 중구 달성동
455,5173, 평리동(평리6동),경기 수원시 권선구 평리동
456,5197, 침산동(침산3동),대전 중구 침산동
457,5317, 대구동호dt점>.현풍 ,오류
458,5354, 송현동(송현2동),서울 종로구 송현동
459,5361, 장동 ,충남 서산시 장동
460,5370, 동성로3가,대구 중구 동성로3가
461,5406, 갈산동 ,경기 이천시 갈산동
462,5408, 남산동(남산2동),서울 중구 남산동1가
463,5421, 월암동 ,경기 의왕시 월암동
464,5455, 불로.봉무동,대구 동구 불로.봉무동
465,5458, 유가읍 유곡리,대구 달성군 유가읍 유곡리
466,5462, 매호동 ,대구 수성구 매호동
467,5463, 내당4동,대구 서구 내당4동
468,5577, 칠곡중앙대로114길 ,오류
469,5580, 옥포읍 본리리,대구 달성군 옥포읍 본리리
470,5594, 신기동 ,충남 공주시 신기동
471,5632, 고성동2가,대구 북구 고성동2가
472,5652, 다사읍 부곡리,대구 달성군 다사읍 부곡리
473,5707, 서야동,대구 중구 서야동
474,5731, 내당동(내당2.3동),대구 서구 내당동
475,5750, 신암동(신암4동),대구 동구 신암동
476,5777, 동촌동,경북 포항시 남구 동촌동
477,5787, 복현1동,대구 북구 복현1동
478,5811, 와룡로45길 ,오류
479,5915, 대명동(대명6동),전북 군산시 대명동
480,5918, 노변동 ,대구 수성구 노변동
481,6023, 대현2동,대구 북구 대현동
482,6104, 당산로 ,오류
483,6138, 비산6동,대구 서구 비산6동
484,6186, 영송로 ,오류
485,6265, 두류동(두류3동),대구 달서구 두류동
486,6272, 장전4길 ,오류
487,6284, 고성동2가 ,대구 북구 고성동2가
488,6332, 덕산동 ,경북 포항시 북구 덕산동
489,6363, 이현동,대전 대덕구 이현동
490,6369, 남산동(남산4동),서울 중구 남산동1가
491,6427, 노원1.2동,오류
492,6428, 매천동,대구 북구 매천동
493,6669, 양지로 ,오류
494,6701, 남성로 ,오류
495,7801, 대봉동(대봉2동),대구 중구 대봉동
496,7841, 남산동(남산3동),서울 중구 남산동1가
497,7861, 태전동(태전2동),경기 광주시 태전동
498,7895, 다사읍 문양리,대구 달성군 다사읍 문양리
499,7957, 동성로2가,대구 중구 동성로2가
500,8006, 유가읍 봉리,대구 달성군 유가읍 봉리
501,8044, 삼덕동3가,대구 중구 삼덕동3가
502,8149, 내당동(내당4동),대구 서구 내당동
503,8158, 이현동 ,대전 대덕구 이현동
504,8188, 대명로30길 ,오류
505,8222, 태전로15길 ,오류
506,8237, 중앙대로41길 ,오류
507,8328, 도동 ,경북 영천시 도동
508,8352, 비산5동,대구 서구 비산5동
509,8397, 인교동,대구 중구 인교동
510,8408, 범어2동,대구 수성구 범어2동
511,8416, 범어동(범어2동),경북 영천시 범어동
512,8442, 대구1호선 ,오류
513,8447, 율하동로27길 ,오류
514,8541, 용산동(용산1동),서울 용산구 용산2가동
515,8547, 노원동1가 ,대구 북구 노원동1가
516,8564, 칠곡1동,오류
517,8584, 와룡로49길 ,오류
518,8622, 동인동4가 ,대구 중구 동인동4가
519,8743, 고산1동,대구 수성구 고산1동
520,8796, 장관동 ,대구 중구 장관동
521,8856, 서문로1가 ,대구 중구 서문로1가
522,8961, 문화동 ,충북 청주시 상당구 문화동
523,9001, 침산동(침산1동),대전 중구 침산동
524,9008, 용덕동,대구 중구 용덕동
525,9030, 청수로 ,오류
526,9059, 논공읍 금포리,대구 달성군 논공읍 금포리
527,9068, 다사읍 서재리,대구 달성군 다사읍 서재리
528,9091, 봉덕2동,대구 남구 봉덕2동
529,9111, 상인2동 ,대구 달서구 상인2동
530,9125, 대봉로 ,오류
531,9127, 동대구로12길 ,오류
532,9130, 능성동,대구 동구 능성동
533,9177, 성서공단북로 ,오류
534,9201, 팔공로 ,오류
535,9230, 종로2가,서울 종로구 종로2가
536,9283, 지산동(지산1동),경기 평택시 지산동
537,9322, 호암로 ,오류
538,9332, 칠곡중앙대로115길 ,오류
539,9341, 송정동 ,서울 성동구 송정동
540,9368, 논공읍 하리,대구 달성군 논공읍 하리
541,9379, 청호로 ,오류
542,9425, 신무동,대구 동구 신무동
543,9449, 범어1동,대구 수성구 범어1동
544,9456, 달구벌대로 ,오류
545,9645, 원대동2가,대구 서구 원대동2가
546,9662, 경안로 ,오류
547,9698, 산격3동,대구 북구 산격3동
548,9704, 큰골길 ,오류
549,9707, 하빈면 ,대구 달성군 하빈면
550,9731, 칠성동1가 ,대구 북구 칠성동1가
551,9820, 노원동2가 ,대구 북구 노원동2가
552,9832, 북비산로63길 ,오류
553,9833, 고성동1가,대구 북구 고성동1가
554,9897, 달서구 감삼동 ,대구 달서구 감삼동
555,9914, 모산골길 ,오류
556,9964, 화원읍 본리리,대구 달성군 화원읍 본리리
557,10001, 신천4동 ,대구 동구 신천4동
558,10048, 30-2 ,오류
559,10055, 명덕로 ,오류
560,10093, 팔공로28길 ,오류
561,10187, 지산2동,광주 동구 지산2동
562,10215, 대명6동 ,대구 남구 대명6동
563,10230, 현풍면 중리,대구 달성군 현풍읍 중리
564,10348, 장기로 ,오류
565,10626, 옥포읍 교항리,대구 달성군 옥포읍 교항리
566,10640, 평리5동,대구 서구 평리5동
567,10643, 국채보상로78길 ,오류
568,10701, 파호동 ,대구 달서구 파호동
569,10722, 칠곡중앙대로105길 ,오류
570,10732, 사일동 ,대구 중구 사일동
571,11571, 동성로3가 ,대구 중구 동성로3가
572,11828, 대림동 ,서울 영등포구 대림동
573,11839, 범어4동,대구 수성구 범어4동
574,11873, 신암동(신암3동),대구 동구 신암동
575,11910, 문화회관3길 ,오류
576,11949, 만촌동(만촌2동),대구 수성구 만촌동
577,11961, 만촌3동,대구 수성구 만촌3동
578,11968, 월곡로53길 ,오류
579,11972, 대명로54길 ,오류
580,12006, 대명동(대명5동),전북 군산시 대명동
581,12011, 파계로 ,오류
582,12019, 황금동(황금2동),전남 광양시 황금동
583,12134, 중대동 ,경기 광주시 중대동
584,12248, 하빈면 하산리,대구 달성군 하빈면 하산리
585,12329, 동문동 ,충남 서산시 동문동
586,12372, 미곡동,대구 동구 미곡동
587,12378, 하빈면 기곡리,대구 달성군 하빈면 기곡리
588,12402, 종로2가 ,서울 종로구 종로2가
589,12481, 연호동,대구 수성구 연호동
590,12525, 입석로 ,오류
591,12532, 부동 ,대구 동구 부동
592,12553, 현풍읍 하리,대구 달성군 현풍읍 하리
593,12594, 황금2동,대구 수성구 황금2동
594,12600, 현풍면 부리,대구 달성군 현풍읍 부리
595,12659, 용학로 ,오류
596,12713, 무태조야동,대구 북구 무태조야동
597,12757, 대명6동,대구 남구 대명6동
598,12760, 신암4동 ,대구 동구 신암4동
599,12806, 화랑로69길 ,오류
600,12830, 하빈면 묘리,대구 달성군 하빈면 묘리
601,12862, 들안로 ,오류
602,12902, 고모동,대구 수성구 고모동
603,12905, 대현로 ,오류
604,13009, 만촌동(만촌3동),대구 수성구 만촌동
605,13018, 서내동 ,전남 나주시 서내동
606,13090, 장동,충남 서산시 장동
607,13103, 중대동,경기 광주시 중대동
608,13106, 산격2동,대구 북구 산격2동
609,13140, 원대동1가(원대동),대구 서구 원대동1가
610,13364, 불로동 ,인천 서구 불로동
611,13368, 범어동(범어3동),경북 영천시 범어동
612,13477, 태평로,서울 중구 태평로1가
613,13493, 효동로2길 ,오류
614,13517, 침산로,오류
615,13531, 시장북로 ,대구 중구 시장북로
616,13683, 새방로27길 ,오류
617,13722, 칠성동2가(칠성동),대구 북구 칠성동2가
618,13777, 교동 ,경기 수원시 팔달구 교동
619,13858, 서대구로29길 ,오류
620,13964, 학산로7길 ,오류
621,13971, 경대로7길 ,오류
622,14143, 약령길 ,오류
623,14145, 현충로25길 ,오류
624,14155, 동인3가동,대구 중구 동인동3가
625,14365, 숙천동(안심3.4동),대구 동구 숙천동
626,14381, 중리동(상중이동),경기 안성시 중리동
627,15424, 내곡동,서울 서초구 내곡동
628,15541, 국채보상로180길 ,오류
629,15640, 43 ,오류
630,15676, 장관동,대구 중구 장관동
631,15719, 이천로31길 ,오류
632,15897, 침산동(침산2동),대전 중구 침산동
633,16079, 논공읍 삼리리,대구 달성군 논공읍 삼리리
634,16220, 대안동 ,전남 목포시 대안동
635,16284, 두류1동,대구 달서구 두류1.2동
636,16313, 율암동 ,대구 동구 율암동
637,16328, 야외음악당로47안길 ,오류
638,16409, 삼정길 ,오류
639,16458, 서문로2가 ,대구 중구 서문로2가
640,16672, 다사읍 박곡리,대구 달성군 다사읍 박곡리
641,16712, 현풍읍 중리,대구 달성군 현풍읍 중리
642,16713, 옥포면 ,대구 달성군 옥포읍
643,16729, 중흥로8길 ,오류
644,17275, 동내동,대구 동구 동내동
645,17298, 지산로3길 ,오류
646,17323, 산격로 ,오류
647,17436, 들안로32길 ,오류
648,17570, 현풍면 원교리,대구 달성군 현풍읍 원교리
649,17586, 양지로8길 ,오류
650,17596, 현충로 ,오류
651,17618, 칠곡2동,오류
652,17685, 비산동(비산2.3동),경기 안양시 동안구 비산동
653,19210, 검사동 ,대구 동구 검사동
654,19347, 삼덕동1가 ,대구 중구 삼덕동1가
655,19433, 명륜로22길 ,오류
656,19534, 고모동 ,대구 수성구 고모동
657,19605, 두류1.2동,대구 달서구 두류동
658,19613, 명륜로21길 ,오류
659,19867, 지묘동(공산동),대구 동구 지묘동
660,20173, 상인3동 ,대구 달서구 상인3동
661,20239, 하빈면 동곡리,대구 달성군 하빈면 동곡리
662,20270, 원대동3가 ,대구 서구 원대동3가
663,20308, 산격3동 ,대구 북구 산격3동
664,20406, 대구칠곡3지구 ,오류
665,20560, 동대구로73길 ,오류
666,20944, 북성로4길 ,오류
667,20947, 성내3동,서울 강동구 성내3동
668,21384, 도촌길 ,오류
669,21406, 현풍면 ,대구 달성군 현풍읍
670,21947, 송현2동 ,인천 동구 송현1.2동
671,23131, 관음동로32길 ,오류
672,23198, 현풍읍 성하리,대구 달성군 현풍읍 성하리
673,23356, 달구벌대로283길 ,오류
674,23408, 와룡로13길 ,오류
675,23477, 하빈면 현내리,대구 달성군 하빈면 현내리
676,23514, 아양로15길 ,오류
677,23638, 문화로 ,오류
678,23788, 범안로 ,오류
679,23909, 대안동(성내2동),전남 목포시 대안동
680,23937, 둔산로51길 ,오류
681,24056, 효목로 ,오류
682,24181, 조암로 ,오류
683,24336, 전동,인천 중구 전동
684,24732, 만촌로26길 ,오류
685,24969, 진천로10길 ,오류
686,24980, 성당로39길 ,오류
687,25048, 도학동,대구 동구 도학동
688,25319, 대명10동 ,대구 남구 대명10동
689,25415, 아양로 ,오류
690,25636, 대천동(월성2동),경기 안성시 대천동
691,27183, 들안로14길 ,오류
692,27360, 대명로52길 ,오류
693,27363, 동덕로36길 ,오류
694,27596, 가창면 냉천리,대구 달성군 가창면 냉천리
695,27664, 도평동,대구 동구 도평동
696,27779, 칠곡중앙대로 ,오류
697,28222, 연호동 ,대구 수성구 연호동
698,28249, 다사읍 죽곡리,대구 달성군 다사읍 죽곡리
699,28410, 현풍읍 원교리,대구 달성군 현풍읍 원교리
700,29097, 대봉동(대봉1동),대구 중구 대봉동
701,29529, 북성로2가,대구 중구 북성로2가
702,29553, 대학로 ,오류
703,29589, 54 ,오류
704,30981, 중앙대로61길 ,오류
705,31188, 고산2동,대구 수성구 고산2동
706,31574, 수동 ,경기 남양주시 수동면
707,31730, 서당로 ,오류
708,31785, 상인동(상인3동),대구 달서구 상인동
709,31813, 평리1동 ,대구 서구 평리1동
710,31829, 범어로16길 ,오류
711,31878, 장기동(용산1동),경기 김포시 장기동
712,32002, 북비산로37길 ,오류
713,32065, 침산1동 ,대구 북구 침산1동
714,32084, 월촌역지점 ,오류
715,32688, 대경길 ,오류
716,32926, 공평로 ,오류
717,33350, 통학로46길 ,오류
718,33433, 국채보상로60길 ,오류
719,34503, 대현로19길 ,오류
720,34521, 구암서로 ,오류
721,34573, 봉덕동(봉덕2동),대구 남구 봉덕동
722,34584, 팔달북로11길 ,오류
723,34738, 비산7동 ,대구 서구 비산7동
724,34894, 대륙1길 ,오류
725,35232, 대곡동(진천동),인천 서구 대곡동
726,35392, 달서로25길 ,오류
727,35494, 서호동 ,경남 통영시 서호동
728,35496, 국채보상로143길 ,오류
729,35497, 율암동(안심2동),대구 동구 율암동
730,35619, 안심2동,대구 동구 안심2동
731,35624, 화랑로37길 ,오류
732,35662, 송정동,서울 성동구 송정동
733,35794, 중구 동인동2가 ,대구 중구 동인동2가
734,35887, 와룡로 ,오류
735,35907, 계산동1가,대구 중구 계산동1가
736,36036, 동인동4가(동인동),대구 중구 동인동4가
737,36040, 하서동 ,대구 중구 하서동
738,36048, 606-2 ,오류
739,36120, 수성로15길 ,오류
740,36136, 서문로2가,대구 중구 서문로2가
741,36180, 월배로11길 ,오류
742,36250, 매천로 ,오류
743,36472, 내당4동 ,대구 서구 내당4동
744,36597, 종로 ,서울 종로구
745,36621, 중앙대로21길 ,오류
746,36769, 덕곡동,경북 김천시 덕곡동
747,36799, 선원로37남길 ,오류
748,36818, 현충로19길 ,오류
749,36827, 월배로 ,오류
750,36838, 옥포읍 반송리,대구 달성군 옥포읍 반송리
751,37024, 통학로48길 ,오류
752,38514, 검단로27길 ,오류
753,38621, 중앙대로 ,오류
754,38889, 북성로2가 ,대구 중구 북성로2가
755,39624, 현풍면 상리,대구 달성군 현풍읍 상리
756,40233, 효신로16길 ,오류
757,40408, 사월동 ,대구 수성구 사월동
758,40668, 교동,경기 수원시 팔달구 교동
759,40700, 봉산동 ,경기 안성시 봉산동
760,42166, 진인동 ,대구 동구 진인동
761,42228, 율하동로15길 ,오류
762,42281, 서내동,전남 나주시 서내동
763,42409, 국채보상로67안길 ,오류
764,42453, 신기동(안심1동),충남 공주시 신기동
765,42519, 상매동,대구 동구 상매동
766,42882, 한실로6길 ,오류
767,42938, 갈산동,경기 이천시 갈산동
768,42986, 국채보상로214길 ,오류
769,43059, 노원동1가(노원동),대구 북구 노원동1가
770,43164, 국채보상로150길 ,오류
771,43400, 성서4차첨단로 ,오류
772,43596, 상화로21길 ,오류
773,43700, 진천로16길 ,오류
774,43737, 계명2길 ,오류
775,43829, 희망로36길 ,오류
776,43834, 만촌로4길 ,오류
777,43885, 매여동,대구 동구 매여동
778,44147, 현풍읍 부리,대구 달성군 현풍읍 부리
779,44446, 달구벌대로377길 ,오류
780,44849, 두류공원로 ,오류
781,45994, 신암5동,대구 동구 신암5동
782,46190, 동촌로6길 ,오류
783,46419, 상원로3길 ,오류
784,47171, 상서동,대전 대덕구 상서동
785,47421, 동부로,오류
786,48001, 북비산로31길 ,오류
787,49691, 들안로46길 ,오류
788,49770, 부동,대구 동구 부동
789,50063, 범물동(범물1동),대구 수성구 범물동
790,50112, 상화로 ,오류
791,50141, 효목로19길 ,오류
792,50864, 동성로1가,대구 중구 동성로1가
793,50994, 호림동 ,대구 달서구 호림동
794,51141, 옥산로2길 ,오류
795,51204, 노원동3가(노원동),대구 북구 노원동3가
796,51434, (대구2호선) ,오류
797,51487, 비산동(비산5동),경기 안양시 동안구 비산동
798,51499, 남산로 ,오류
799,51690, 명덕로35길 ,오류
800,51720, 동부로26길 ,오류
801,51876, 고성동,대구 북구 고성동
802,51879, 효신로5길 ,오류
803,52065, 유가읍 테크노상업로,오류
804,53572, 학남로1길 ,오류
805,53805, 신암동(신암5동),대구 동구 신암동
806,54088, 효목1동 ,대구 동구 효목1동
807,54110, 학정로 ,오류
808,54538, 도원로 ,오류
809,54648, 국채보상로 ,오류
810,54682, (대구1호선) ,오류
811,54710, 신용동 ,전북 익산시 신용동
812,54891, 구마로39길 ,오류
813,55117, 3공단로 ,오류
814,55513, 용계동(안심2동),대전 동구 용계동
815,55838, 대구광장지점 ,오류
816,55862, 노원동2가(노원동),대구 북구 노원동2가
817,57506, 동촌로42길 ,오류
818,57536, 봉덕로6길 ,오류
819,57554, 선원로10길 ,오류
820,57727, 동촌로56길 ,오류
821,57806, 대명천로47길 ,오류
822,58124, 가창면 단산리,대구 달성군 가창면 단산리
823,58169, 옥포읍 기세리,대구 달성군 옥포읍 기세리
824,61119, 노변동(고산2동),대구 수성구 노변동
825,61195, 팔공산로23길 ,오류
826,61341, 다사읍 문산리,대구 달성군 다사읍 문산리
827,61500, 달구벌대로378길 ,오류
828,61826, 동암로37길 ,오류
829,62034, 서성로1가 ,대구 중구 서성로1가
830,62345, 야외음악당로 ,오류
831,62432, 삼덕동 ,대구 수성구 삼덕동
832,62889, 수성동2가(수성2.3가동),대구 수성구 수성동2가
833,62897,  >> ,오류
834,63014, 내동,경기 부천시 오정구 내동
835,65541, 미대동,대구 동구 미대동
836,66453, 월암동,경기 의왕시 월암동
837,66559, 고산2길 ,오류
838,69072, 금호동 ,서울 성동구 금호동1가
839,69309, 달서구 성당동 ,대구 달서구 성당동
840,69337, 달구벌대로337길 ,오류
841,69551, 계대동문로 ,오류
842,69576, 큰골1길 ,오류
843,70261, 이곡2동,대구 달서구 이곡2동
844,70374, 상원로 ,오류
845,71035, 팔거천동로26길 ,오류
846,72718, 원대동2가 ,대구 서구 원대동2가
847,73365, 명덕로20길 ,오류
848,73517, 대명남로 ,오류
849,73958, 구지면 내리,대구 달성군 구지면 내리
850,74480, 이곡동로 ,오류
851,75280, 구마로 ,오류
852,75319, 방천로7길 ,오류
853,76587, 달구벌대로489안길 ,오류
854,76899, 청수로45길 ,오류
855,77564, 팔공로29길 ,오류
856,77735, 동대구로29길 ,오류
857,78289, 무학로33길 ,오류
858,78477, 도평로 ,오류
859,78650, 유가면 쌍계리,대구 달성군 유가읍 쌍계리
860,80293, 다사읍 이천리,대구 달성군 다사읍 이천리
861,80556, 70 ,오류
862,80577, 향촌동 ,경남 사천시 향촌동
863,80966, 선원로 ,오류
864,81189, 동부로30길 ,오류
865,81370, 구지면 대암리,대구 달성군 구지면 대암리
866,81453, 대명4동 ,대구 남구 대명4동
867,81768, 화랑로38길 ,오류
868,82201, 상리동(상중이동),대구 서구 상리동
869,82531, 달서로12길 ,오류
870,82577, 서구 내당동 ,대구 서구 내당동
871,84328, 동인동1가(동인동),대구 중구 동인동1가
872,84634, 가창면 정대리,대구 달성군 가창면 정대리
873,84953, 원대동3가(원대동),대구 서구 원대동3가
874,84988, 학산로 ,오류
875,85090, 계명중앙1길 ,오류
876,86242, 종로1가 ,서울 종로구 종로1가
877,86364, 방천로6길 ,오류
878,87988, 달서구 진천동 ,대구 달서구 진천동
879,88172, 이곡동(이곡1동),대구 달서구 이곡동
880,88518, 달서천로59길 ,오류
881,88705, 계산동1가 ,대구 중구 계산동1가
882,88860, 효동로 ,오류
883,89105, 금강동 ,전북 익산시 금강동
884,89110, 삼덕동3가(삼덕동),대구 중구 삼덕동3가
885,89284, 들안로,오류
886,89856, 검단로 ,오류
887,91803, 수성구 수성동4가 ,대구 수성구 수성동4가
888,91842, 동대구로14길 ,오류
889,92002, 달서로 ,오류
890,92144, 범어2동 ,대구 수성구 범어2동
891,92418, 동인동2가(동인동),대구 중구 동인동2가
892,92716, (대구광장지점) ,오류
893,93129, 지범로 ,오류
894,93279, 하서동,대구 중구 하서동
895,93699, 월곡로47길 ,오류
896,95747, 이현동(상중이동),대전 대덕구 이현동
897,95771, 수성로57길 ,오류
898,95855, 유니버시아드로 ,오류
899,96045, 희망로 ,오류
900,96238, 송현로30길 ,오류
901,96798, 지범로31안길 ,오류
902,97174, 옥포면 본리리,대구 달성군 옥포읍 본리리
903,97541, 범어4동 ,대구 수성구 범어4동
904,97583, 18 ,오류
905,99461, 앞산순환로89길 ,오류
906,100261, 봉무동(불로.봉무동),대구 동구 봉무동
907,101339, 지산동(지산2동),경기 평택시 지산동
908,101640, 충의로4길 ,오류
909,101973, 동인동3가 ,대구 중구 동인동3가
910,103129, 달서로28길 ,오류
911,103173, 명덕로2길 ,오류
912,104442, 유가읍 쌍계리,대구 달성군 유가읍 쌍계리
913,104481, 범어천로 ,오류
914,104701, 율하동로26길 ,오류
915,104842, 교학로11길 ,오류
916,105339, 통학로18길 ,오류
917,105832, 아양로41길 ,오류
918,105898, 통학로16길 ,오류
919,107246, 대명남2길 ,오류
920,107511, 복현동(복현2동),대구 북구 복현동
921,107603, 태암남로11길 ,오류
922,107789, 노원로 ,오류
923,108915, >장기 ,오류
924,109154, 파동로2길 ,오류
925,110865, 성당로,오류
926,111075, 범물1동 ,대구 수성구 범물1동
927,112069, 둔산동,대전 서구 둔산동
928,112448, 국채보상로69길 ,오류
929,112836, 두류공원로17길 ,오류
930,114602, 중흥로13길 ,오류
931,114692, 상덕동 ,대구 중구 상덕동
932,115858, 금강동,전북 익산시 금강동
933,116312, 산격동(산격2동),대구 북구 산격동
934,116663, 본점 ,오류
935,116856, 동대구로,오류
936,118588, 안심로 ,오류
937,118622, 북비산로67길 ,오류
938,118624, 송현1동 ,인천 동구 송현1.2동
939,118635, 구지면 고봉리,대구 달성군 구지면 고봉리
940,118701, 황금동(황금1동),전남 광양시 황금동
941,118904, 대림로,오류
942,119613, 효행로2길 ,오류
943,119826, 동촌로 ,오류
944,120376, 대현로17길 ,오류
945,120733, 두류공원로13길 ,오류
946,122232, 북비산로,오류
947,122968, 옥포면 교항리,대구 달성군 옥포읍 교항리
948,123475, 현충로16길 ,오류
949,124308, 달서대로 ,오류
950,126212, 서성로14길 ,오류
951,126345, 월배로68안길 ,오류
952,126684, 당산로41길 ,오류
953,127097, 상덕동,대구 중구 상덕동
954,127143, 서대구로 ,오류
955,127300, 칠곡중앙대로95길 ,오류
956,127469, 대동로4길 ,오류
957,127961, 월곡로 ,오류
958,128687, (대구직업능력개발원) ,오류
959,129979, 명덕로48길 ,오류
960,130026, 가창면 대일리,대구 달성군 가창면 대일리
961,130691, 달서천로49길 ,오류
962,130793, 능성동 ,대구 동구 능성동
963,130860, 율하동로12길 ,오류
964,131035, 가창면 행정리,대구 달성군 가창면 행정리
965,131174, 수성로 ,오류
966,131458, 옥포읍 신당리,대구 달성군 옥포읍 신당리
967,131496, 서변동(무태조야동),대구 북구 서변동
968,131708, 반야월로2길 ,오류
969,132117, 태전로7길 ,오류
970,133713, 도남동,경북 상주시 도남동
971,134458, 호국로 ,오류
972,134476, 화랑로41길 ,오류
973,134758, 칠성시장로5길,오류
974,135240, 달서구 호산동 ,대구 달서구 호산동
975,136228, >>복현 ,대구 북구 복현동
976,137843, 선원로57길 ,오류
977,138979, 대명로 ,오류
978,139019, 799-7 ,오류
979,139568, 대명복개로2길 ,오류
980,139694, 장기로22길 ,오류
981,141286, 감삼남2안길 ,오류
982,141891, 아양로46길 ,오류
983,142078, 동덕로 ,오류
984,142160, 대명복개로4길 ,오류
985,142170, 현충동길 ,오류
986,142795, 월배로68길 ,오류
987,143633, 북비산로27길 ,오류
988,145935, 달서로14길 ,오류
989,146178, 대구직업능력개발원 ,오류
990,146286, 신용동,전북 익산시 신용동
991,148895, 팔달로 ,경기 수원시 팔달구 팔달로1가
992,148924, 가창면 오리,대구 달성군 가창면 오리
993,149316, 선원로33길 ,오류
994,149587, 용수동 ,대구 동구 용수동
995,152915, 율하동(안심1동),경남 김해시 율하동
996,153305, 지산로14안길 ,오류
997,153928, 산격4동 ,대구 북구 산격4동
998,154247, 동덕로14길 ,오류
999,156848, 평리로57길 ,오류
1000,156913, 동인동 ,대구 중구 동인동
1001,157122, 월성동(월성1동),전북 김제시 월성동
1002,157333, 당산로24길 ,오류
1003,157690, 초례로 ,오류
1004,159108, 옥포읍 송촌리,대구 달성군 옥포읍 송촌리
1005,160291, >>용산동 ,서울 용산구 용산2가동
1006,161411, 와룡로51길 ,오류
1007,162228, 죽전점 ,오류
1008,162237, 들안로20길 ,오류
1009,164331, 달구벌대로568길 ,오류
1010,164415, 도남길 ,오류
1011,165114, 성서로 ,오류
1012,165187, 침산남로서9길 ,오류
1013,165462, 삼덕동2가(삼덕동),대구 중구 삼덕동2가
1014,165603, 선원남로 ,오류
1015,165840, 신암동(신암4동) ,대구 동구 신암동
1016,166218, 칠곡중앙대로77길 ,오류
1017,166242, 상리동 ,대구 서구 상리동
1018,168504, 장산로 ,오류
1019,170139, 안지랑로21길 ,오류
1020,172058, 용산로 ,오류
1021,172352, 칠성시장로 ,오류
1022,172423, 내곡로 ,오류
1023,173816, 둔산동 ,대전 서구 둔산동
1024,173908, CU편의점 ,오류
1025,176828, 효성3길 ,오류
1026,179841, 옥포읍 김흥리,대구 달성군 옥포읍 김흥리
1027,180725, 칠성남로 ,오류
1028,180982, 대명천로6길 ,오류
1029,181091, 두류점 ,오류
1030,183826, 중앙대로46길 ,오류
1031,183950, 도학동 ,대구 동구 도학동
1032,184442, 감삼동(죽전동),대구 달서구 감삼동
1033,184554, 논공읍 노이리,대구 달성군 논공읍 노이리
1034,184812, 용산2동 ,대구 달서구 용산2동
1035,185436, 서대구로41길 ,오류
1036,187031, 대경7길 ,오류
1037,187638, 3번출구 ,오류
1038,187931, >유가 ,오류
1039,190996, 팔거천동로 ,오류
1040,194782, 파도고개로7길 ,오류
1041,194795, 평리로52길 ,오류
1042,195283, 침산남로 ,오류
1043,195287, 한강로 ,서울 용산구 한강로동
1044,195737, 유가면 봉리,대구 달성군 유가읍 봉리
1045,198868, 현충로39길 ,오류
1046,200310, 율하동로24길 ,오류
1047,201068, 동호로2길 ,오류
1048,202403, 국채보상로209길 ,오류
1049,203138, 국채보상로46길 ,오류
1050,203908, 3번출구 대구2호선 ,오류
1051,203974, 학정로,오류
1052,206747, 달서천로41길 ,오류
1053,206941, 서구 ,인천 서구
1054,207155, (남문시장지점) ,오류
1055,207382, 장기로,오류
1056,207449, 구리로 ,오류
1057,208781, 구지면 창리,대구 달성군 구지면 창리
1058,210498, 학정로42길 ,오류
1059,211079, 태전동(태전1동),경기 광주시 태전동
1060,212128, 침산남로7길 ,오류
1061,213864, 연경동 ,대구 북구 연경동
1062,214516, 감삼1길 ,오류
1063,214558, 동천로 ,오류
1064,215390, 대구체육관로2길 ,오류
1065,215862, 송현로2길 ,오류
1066,217705, 율하동로28길 ,오류
1067,218433, 대구2호선 ,오류
1068,218501, 칠성남로30길 ,오류
1069,218530, 동촌로58길 ,오류
1070,219123, 매여동 ,대구 동구 매여동
1071,219163, 지경길 ,오류
1072,219188, 율하동로 ,오류
1073,219274, 유가읍 상리,대구 달성군 유가읍 상리
1074,219573, 271-1 ,오류
1075,219961, 입석로1길 ,오류
1076,222199, 달구벌대로641길 ,오류
1077,222616, 구지면 예현리,대구 달성군 구지면 예현리
1078,222903, 도원로서길 ,오류
1079,225349, 중앙대로49길 ,오류
1080,225362, 원대동2가(원대동),대구 서구 원대동2가
1081,226220, 북비산로47길 ,오류
1082,226676, 월배로,오류
1083,226694, 용두길 ,오류
1084,227159, 비산1동 ,경기 안양시 동안구 비산1동
1085,227295, 월성로 ,오류
1086,229629, 파도고개로1길 ,오류
1087,229853, 동일동 ,대구 중구 동일동
1088,230385, 대경6길 ,오류
1089,231067, 완전동,대구 중구 완전동
1090,233099, 서당로9길 ,오류
1091,233421, 당산로41동길 ,오류
1092,233482, 도장길 ,오류
1093,233582, 동암로12길 ,오류
1094,235046, 범어로20길 ,오류
1095,236974, 조야동 ,대구 북구 조야동
1096,237215, 고성로 ,오류
1097,237328, 유가읍 본말리,대구 달성군 유가읍 본말리
1098,237398, 구암로49길 ,오류
1099,237963, 동호동(안심3.4동),강원특별자치도 동해시 동호동
1100,238506, 구마로12길 ,오류
1101,240601, 황금네거리지점 ,오류
1102,240921, 본리서길 ,오류
1103,241362, 이천로8길,오류
1104,241792, 명륜로12길 ,오류
1105,244828, 와룡로42길 ,오류
1106,245055, (월촌역지점) ,오류
1107,245091, 성동 ,서울 성동구
1108,246031, 이곡동(이곡2동),대구 달서구 이곡동
1109,248173, 복현로 ,오류
1110,248735, 범어로24길 ,오류
1111,249145, 상원로1길 ,오류
1112,249336, 가창면 상원리,대구 달성군 가창면 상원리
1113,250085, 논공읍 위천리,대구 달성군 논공읍 위천리
1114,252100, 고산로18길 ,오류
1115,252502, 침산로 ,오류
1116,253316, 중앙대로77길 ,오류
1117,253599, 죽전길 ,오류
1118,253756, 죽전4길 ,오류
1119,256032, 수성동4가(수성4가동),대구 수성구 수성동4가
1120,256163, 덕산동(성내1동),경북 포항시 북구 덕산동
1121,256438, 동내동 ,대구 동구 동내동
1122,258052, 월서로 ,오류
1123,259897, 파도고개로16길 ,오류
1124,259960, 가창면 옥분리,대구 달성군 가창면 옥분리
1125,261759, 고산3동,대구 수성구 고산3동
1126,263807, 율하동로10길 ,오류
1127,264260, 노곡동 ,대구 북구 노곡동
1128,264398, 평리로 ,오류
1129,264570, 매천로18길 ,오류
1130,265280, 반야월로30길 ,오류
1131,269042, 112 ,오류
1132,269157, 동호로7길 ,오류
1133,269261, 노변공원로1길 ,오류
1134,271680, 월곡로,오류
1135,271895, 논공읍 본리리,대구 달성군 논공읍 본리리
1136,272485, 공평로4길 ,오류
1137,273365, 연암공원로6길 ,오류
1138,273371, 3번출구 (대구2호선) ,오류
1139,276701, 태암남로 ,오류
1140,280445, 알파시티2로 ,오류
1141,280659, 두류공원로16길 ,오류
1142,283564, 평리3동 ,대구 서구 평리3동
1143,284000, 국채보상로139길 ,오류
1144,287278, 오봉로24길 ,오류
1145,288720, 하빈면 감문리,대구 달성군 하빈면 감문리
1146,291048, 골안길 ,오류
1147,291477, 신당로 ,오류
1148,291799, 유통단지로3길 ,오류
1149,296022, 하빈면 무등리,대구 달성군 하빈면 무등리
1150,296441, 43-10 ,오류
1151,297823, 침산남로7길,오류
1152,299271, 대명11동 ,대구 남구 대명11동
1153,299528, 칠성동1가(칠성동),대구 북구 칠성동1가
1154,300555, 대경4길 ,오류
1155,301687, 달서로58길 ,오류
1156,302836, 두류남길 ,오류
1157,303027, 청수로40길 ,오류
1158,303402, 칠성시장로5길 ,오류
1159,306125, 송현동길 ,오류
1160,306466, 불로동(불로.봉무동),인천 서구 불로동
1161,306807, 상화로15길 ,오류
1162,307273, 가창면 우록리,대구 달성군 가창면 우록리
1163,307516, 율하동로20길 ,오류
1164,307772, 상화북로 ,오류
1165,307954, 중대동(공산동),경기 광주시 중대동
1166,309388, 중앙대로32길 ,오류
1167,309411, 옥산로 ,오류
1168,309424, 신매로6길 ,오류
1169,309649, 호림동(신당동),대구 달서구 호림동
1170,313145, 국채보상로50길 ,오류
1171,313587, 송라로16길 ,오류
1172,314882, 353-5대백마트>>불로 ,오류
1173,314997, 동북로 ,오류
1174,315465, 학정로106길 ,오류
1175,315806, 수성구 지산동 ,대구 수성구 지산동
1176,317417, 월성동(월성2동),전북 김제시 월성동
1177,317639, 대명천로18길 ,오류
1178,317801, 동부로28길 ,오류
1179,317815, 송현로 ,오류
1180,317880, 26 ,오류
1181,319068, 용산로24길 ,오류
1182,321138, 용학로25안길,오류
1183,321603, 수성동3가(수성2.3가동),대구 수성구 수성동3가
1184,323249, 통학로38길 ,오류
1185,324506, 두류공원로50길 ,오류
1186,324539, 서구 평리동 ,대구 서구 평리동
1187,325756, 삼덕동1가(삼덕동),대구 중구 삼덕동1가
1188,326011, 달구벌대로375길 ,오류
1189,326585, 구지면 오설리,대구 달성군 구지면 오설리
1190,326621, 동성로1가 ,대구 중구 동성로1가
1191,326761, 국채보상로57길 ,오류
1192,328418, 신평동(해안동),경기 고양시 덕양구 신평동
1193,328580, (대구3호선) ,오류
1194,328685, 중앙대로42길 ,오류
1195,329982, 동촌로25길 ,오류
1196,330336, 구암로54길 ,오류
1197,330469, 대명복개로 ,오류
1198,332568, 자유1길 ,오류
1199,334501, 팔공산로 ,오류
1200,336486, 대구동호dt점 ,오류
1201,337386, 안지랑로 ,오류
1202,337686, 안심로22길 ,오류
1203,339794, 계명7길 ,오류
1204,340134, 남산로7길 ,오류
1205,340623, 계산동지점 ,오류
1206,340879, (감삼점) ,오류
1207,341949, 국채보상로56길 ,오류
1208,343965, 중앙대로31길 ,오류
1209,344176, 호국로51길 ,오류
1210,344342, 수성2.3가동 ,대구 수성구 수성2.3가동
1211,345210, 당산로41서길 ,오류
1212,345243, 유가읍 금리,대구 달성군 유가읍 금리
1213,349636, 자유3길 ,오류
1214,349806, 대명로19길 ,오류
1215,349934, 현풍읍 상리,대구 달성군 현풍읍 상리
1216,353175, 150-20 ,오류
1217,355820, 장산2길 ,오류
1218,359280, 명덕로18길 ,오류
1219,360126, 수성로52길 ,오류
1220,361608, 유천동(진천동),경기 평택시 유천동
1221,362773, 현풍읍 대리,대구 달성군 현풍읍 대리
1222,366770, 성당로60길 ,오류
1223,366777, 봉산동(성내1동),경기 안성시 봉산동
1224,367246, 대명로,오류
1225,367444, 달성로 ,오류
1226,368130, 선원로23남길,오류
1227,370411, 월배로72길 ,오류
1228,370686, 유가읍 한정리,대구 달성군 유가읍 한정리
1229,371175, 동부로 ,오류
1230,372071, 와룡로15길 ,오류
1231,372863, 유가읍 가태리,대구 달성군 유가읍 가태리
1232,374752, 과학로 ,오류
1233,376253, 영선길 ,오류
1234,376267, 월배로65안길 ,오류
1235,376686, 위남로 ,오류
1236,378004, 효신로 ,오류
1237,378685, 2-23 ,오류
1238,379095, 팔공로53길 ,오류
1239,379387, 통학로 ,오류
1240,380441, 진천로 ,오류
1241,383350, 서대구로,오류
1242,383456, 반야월북로 ,오류
1243,386243, 이천로28길 ,오류
1244,386447, 당산로53길 ,오류
1245,390215, 동천로24길 ,오류
1246,394013, 본리서5길 ,오류
1247,394453, 백안동(공산동),대구 동구 백안동
1248,395494, 봉덕로5길 ,오류
1249,395509, 들안로19길,오류
1250,397795, 당산로47길 ,오류
1251,399659, 관음중앙로7길 ,오류
1252,401128, 방촌로3길 ,오류
1253,401569, (계산동지점) ,오류
1254,402377, 유니버시아드로42길 ,오류
1255,405414, 교동4길 ,오류
1256,405895, 45-1 ,오류
1257,408814, 동대구로25길 ,오류
1258,409989, 화원읍 비슬로,오류
1259,410563, 서대구로7길 ,오류
1260,412710, 내당1동 ,대구 서구 내당1동
1261,414745, 범안로3안길 ,오류
1262,416130, 50 ,오류
1263,416919, 수성구 수성동3가 ,대구 수성구 수성동3가
1264,417160, 이천로 ,오류
1265,418284, 공항로53길 ,오류
1266,419911, 화랑로11길 ,오류
1267,421039, 서대구로62길 ,오류
1268,421324, 앞산순환로55길 ,오류
1269,421542, 태평로 ,서울 중구 태평로1가
1270,421672, 상인로 ,오류
1271,421861, 대동로 ,오류
1272,421940, 신무동 ,대구 동구 신무동
1273,422086, 대현남로5길 ,오류
1274,422208, 감삼남길 ,오류
1275,422211, 대구동호dt점->현풍 ,오류
1276,422234, 대명로49길 ,오류
1277,422372, 중흥로 ,오류
1278,422482, 무열로 ,오류
1279,422659, 평광동(도평동),대구 동구 평광동
1280,422928, 둔산로2길 ,오류
1281,424064, 용덕동 ,대구 중구 용덕동
1282,424226, 청구코아 ,오류
1283,424393, 두류공원로20길 ,오류
1284,426104, 선원로37길 ,오류
1285,427611, 앞산순환로61길 ,오류
1286,428265, 당산로51길 ,오류
1287,429974, 성서로,오류
1288,429985, 진밭길 ,오류
1289,431366, 비산2.3동 ,경기 안양시 동안구 비산동
1290,432445, 와룡로2길 ,오류
1291,432914, 무학로 ,오류
1292,433720, 동북로,오류
1293,436225, 동문동(성내1동),충남 서산시 동문동
1294,440200, 동산동(성내2동),경기 고양시 덕양구 동산동
1295,440525, 370 ,오류
1296,440696, 현충로40길 ,오류
1297,443838, 옥포읍 돌미로2길,오류
1298,444020, 산격로,오류
1299,444024, 고성동2가(고성동),대구 북구 고성동2가
1300,444755, 두류공원로18길 ,오류
1301,447258, 용산큰못길 ,오류
1302,448746, 명천로10길 ,오류
1303,449127, 송라로 ,오류
1304,451203, 동성로3길 ,오류
1305,452526, 가천동 ,대구 수성구 가천동
1306,454576, 서대구로40길 ,오류
1307,454799, 남산4동 ,대구 중구 남산4동
1308,455099, 효동로6길 ,오류
1309,456689, 청솔로6길 ,오류
1310,458673, 상서동 ,대전 대덕구 상서동
1311,459650, 대명천로 ,오류
1312,459785, 범어로 ,오류
1313,460514, 장태실2길 ,오류
1314,461880, 신암로 ,오류
1315,462554, 학정동(국우동),대구 북구 학정동
1316,462559, 오봉로7길 ,오류
1317,463048, 용계로 ,오류
1318,463619, 경상감영길 ,오류
1319,463655, 동암로7길 ,오류
1320,464208, 덕곡동(공산동),경북 김천시 덕곡동
1321,465742, 신매동(고산1동),대구 수성구 신매동
1322,466561, 2번출구 대구2호선 ,오류
1323,466960, 68-4 ,오류
1324,467146, 대명로20길 ,오류
1325,471673, 파도고개로18길 ,오류
1326,473405, 동구 신암동 ,대구 동구 신암동
1327,473576, 화랑로108길 ,오류
1328,473602, 송현로8길 ,오류
1329,474511, 상화북로43길 ,오류
1330,474972, 둔산로 ,오류
1331,475151, 산격로11길 ,오류
1332,475506, 팔거천서로 ,오류
1333,475700, 125-1 ,오류
1334,475711, 양지북길 ,오류
1335,481695, 밤골길 ,오류
1336,481807, 415 ,오류
1337,481821, 앞산순환로 ,오류
1338,482408, 달구벌대로307길 ,오류
1339,482838, 태전로 ,오류
1340,483165, 대명서5길 ,오류
1341,485762, 학정로7길 ,오류
1342,486002, 범어로19길 ,오류
1343,486373, 가창면 주리,대구 달성군 가창면 주리
1344,486396, 달서로45길 ,오류
1345,490136, 평리2동 ,대구 서구 평리2동
1346,490908, 두류길 ,오류
1347,493505, 문화로67길 ,오류
1348,494372, 천을로 ,오류
1349,494508, 월곡로47길,오류
1350,496420, 큰장로26길 ,오류
1351,497446, 유가읍 음리,대구 달성군 유가읍 음리
1352,497790, 미곡동 ,대구 동구 미곡동
1353,505717, 성당로33길 ,오류
1354,505737, 남구 대명동 ,대구 남구 대명동
1355,505793, 동촌로8길 ,오류
1356,508591, 수성구 황금동 ,대구 수성구 황금동
1357,512556, 만촌3동 ,대구 수성구 만촌3동
1358,512629, 동원로12길 ,오류
1359,513423, 파계로19길 ,오류
1360,515376, 동구 불로동 ,광주 동구 불로동
1361,515744, 대명서로 ,오류
1362,516894, 산격로14길 ,오류
1363,517639, 달구벌대로344길 ,오류
1364,520029, (황금네거리지점) ,오류
1365,520356, 중흥로5길 ,오류
1366,520620, 구암로 ,오류
1367,521308, 국채보상로76길 ,오류
1368,521401, 해동로 ,오류
1369,522821, 팔공로24길 ,오류
1370,522985, 각산동(안심3.4동),대구 동구 각산동
1371,523614, 중구 대신동 ,대구 중구 대신동
1372,524808, 월곡로26안길,오류
1373,526740, 화원읍 성암로,오류
1374,529435, 갈밭남로 ,오류
1375,531356, 앞산순환로51길 ,오류
1376,531612, 아양로,오류
1377,532671, 대명로13길 ,오류
1378,536371, 팔달로37길 ,오류
1379,536474, 통학로45길 ,오류
1380,536511, >>안심 ,오류
1381,536996, 장산1길 ,오류
1382,538073, 대구3호선 ,오류
1383,538420, 연암로 ,오류
1384,538661, 앞산순환로63길 ,오류
1385,539223, 반야월로 ,오류
1386,540022, 들안로8길 ,오류
1387,541984, 달서구 상인동 ,대구 달서구 상인동
1388,542188, 팔공로37길 ,오류
1389,543843, 중흥로,오류
1390,544614, 야외음악당로47길 ,오류
1391,546320, 신서로 ,오류
1392,546557, 향촌동(성내2동),경남 사천시 향촌동
1393,546645, 성서공단로 ,오류
1394,547057, 달구벌대로,오류
1395,547686, 동천로23길 ,오류
1396,548163, 대구 ,대구
1397,548220, 달서천로 ,오류
1398,550002, 현충로26길,오류
1399,551268, 신암로,오류
1400,557606, 들안로40안길 ,오류
1401,558546, 용학로25길,오류
1402,562176, 1403-19 ,오류
1403,562502, (상인점) ,오류
1404,562797, 앞산순환로49안길 ,오류
1405,563197, 송라로3길 ,오류
1406,564661, 동성로5길 ,오류
1407,565791, 명덕로8길 ,오류
1408,570156, 화전동,경기 고양시 덕양구 화전동
1409,572456, 달서천로53길,오류
1410,572943, 대명천로,오류
1411,573266, 달서대로95길 ,오류
1412,574114, (대덕지점) ,오류
1413,574603, 아양로37길 ,오류
1414,574961, 현풍읍 자모리,대구 달성군 현풍읍 자모리
1415,575170, 화원읍 비슬로500길,오류
1416,576545, 들안로67길 ,오류
1417,577937, 구지면 유산리,대구 달성군 구지면 유산리
1418,578728, 아양로57길 ,오류
1419,580473, 북구 읍내동 ,대구 북구 읍내동
1420,583898, 원대로 ,오류
1421,584731, 선원로23길 ,오류
1422,585014, 안지랑로11길 ,오류
1423,585120, 안지랑로20길 ,오류
1424,585420, 북비산로50길 ,오류
1425,585490, 세진로 ,오류
1426,587835, 수성구 범어동 ,대구 수성구 범어동
1427,587986, 명덕로10길 ,오류
1428,589745, 북비산로 ,오류
1429,590203, kb손해보험대구지점 ,오류
1430,591425, 학산로46길 ,오류
1431,591483, 사수로70길 ,오류
1432,592621, 노변공원로3길 ,오류
1433,592772, 중구 문화동 ,대전 중구 문화동
1434,596271, 무학로37안길 ,오류
1435,597157, 안지랑로8길 ,오류
1436,599195, 조야동(무태조야동),대구 북구 조야동
1437,599471, >상인 ,대구 달서구 상인동
1438,599601, 신암남로 ,오류
1439,599614, 신암북로 ,오류
1440,600430, 달구벌대로243길 ,오류
1441,600682, 경대로27길 ,오류
1442,601921, 평화로 ,오류
1443,604093, 침산남로9길 ,오류
1444,604852, 용학로,오류
1445,607523, 옥포면 강림리,대구 달성군 옥포읍 강림리
1446,609048, 수밭길 ,오류
1447,610552, 비슬로550길 ,오류
1448,615267, 방촌동(해안동),대구 동구 방촌동
1449,615829, 북내동,대구 중구 북내동
1450,619241, 대명서2길 ,오류
1451,620334, 5번출구 대구2호선 ,오류
1452,622024, 장전3길 ,오류
1453,626325, 봉덕초등길 ,오류
1454,626947, 동대구로59길 ,오류
1455,627923, 수성구 사월동 ,대구 수성구 사월동
1456,630486, 옥산로7길 ,오류
1457,630801, 화랑로36길 ,오류
1458,631200, 달서구 신당동 ,대구 달서구 신당동
1459,639029, 명덕로16길 ,오류
1460,640851, 화랑로80길 ,오류
1461,642559, 월곡로100길 ,오류
1462,642957, 비산점 ,오류
1463,644866, 현충로7길 ,오류
1464,644897, 장기로12길 ,오류
1465,647241, 양지로,오류
1466,649158, 신암1동 ,대구 동구 신암1동
1467,649762, 북구 사수동 ,대구 북구 사수동
1468,649949, 방촌로1길 ,오류
1469,652859, 평광동 ,대구 동구 평광동
1470,653695, 명덕로36길 ,오류
1471,657508, 성지로 ,오류
1472,657775, 선원로37북길 ,오류
1473,660744, 국채보상로123길 ,오류
1474,663699, 도남동 ,경북 상주시 도남동
1475,665307, 중앙대로,오류
1476,667604, 대봉로,오류
1477,668046, 논공읍 논공로5길,오류
1478,668056, 남산로,오류
1479,668170, 다사읍 서재로,오류
1480,668178, 종로,서울 종로구
1481,668345, 안심로22길,오류
1482,668383, 현충로,오류
1483,668537, 칠성남로37길,오류
1484,668974, 입석로,오류
1485,669016, 효목로,오류
1486,669059, 당산로,오류
1487,669111, 다사읍 세천본길,오류
1488,669160, 팔공산로185길,오류
1489,669410, 상화북로,오류
1490,669639, 팔달로,경기 수원시 팔달구 팔달로1가
1491,671897, 진천로,오류
1492,675159, 약령길,오류
1493,675211, 구마로52길 ,오류
1494,675654, 1037-9 ,오류
1495,675718, 파도고개로,오류
1496,676001, 계명1길 ,오류
1497,676767, 황금2동 ,대구 수성구 황금2동
1498,677123, 월배로83길 ,오류
1499,679953, 신평로 ,오류
1500,680243, 서변로23길 ,오류
1501,680354, 중구 대봉동 ,대구 중구 대봉동
1502,680500, 파동로 ,오류
1503,681441, 칠곡중앙대로북53길,오류
1504,683268, 희망로,오류
1505,683327, 서성로 ,오류
1506,683686, 들안로52길 ,오류
1507,683740, 2011-1 ,오류
1508,684144, 국채보상로149길 ,오류
1509,684313, 고산로 ,오류
1510,684525, 달서구 파호동 ,대구 달서구 파호동
1511,686562, 달구벌대로418길 ,오류
1512,686595, 둔산로,오류
1513,687246, 평리로35길 ,오류
1514,687331, 안심로,오류
1515,687470, 매천로21길 ,오류
1516,687475, 현풍읍 테크노북로2길,오류
1517,688833, 칠성남로,오류
1518,690313, 중흥로10길 ,오류
1519,690600, 명덕로,오류
1520,690658, 동성로1길 ,오류
1521,690744, 명덕시장길,오류
1522,690828, 신천동로,오류
1523,690833, 팔공로,오류
1524,690953, 국채보상로,오류
1525,691320, 관음중앙로 ,오류
1526,691576, 중구 남산동 ,서울 중구 남산동1가
1527,691884, 첨복로 ,오류
1528,692173, 구마로,오류
1529,692428, 국채보상로67길 ,오류
1530,692602, 달구벌대로251길,오류
1531,694952, 월배로88길,오류
1532,695494, 상인1동 ,대구 달서구 상인1동
1533,696196, 팔거천동로,오류
1534,696417, 봉덕1동 ,대구 남구 봉덕1동
1535,696929, 중앙대로38길 ,오류
1536,697889, 안지랑로16길,오류
1537,698621, 월배로64길 ,오류
1538,698896, 파도고개로3길,오류
1539,698902, 북비산로59길 ,오류
1540,699187, 구마로26안길 ,오류
1541,699716, 야외음악당로39길,오류
1542,699829, 월배로14길,오류
1543,699939, 범어천로,오류
1544,700505, 동구 신천동 ,대구 동구 신천동
1545,701729, 달구벌대로251안길 ,오류
1546,702022, 수성못길,오류
1547,702159, 두류6길,오류
1548,702266, 두류공원로,오류
1549,702612, 안지랑로18길 ,오류
1550,702882, 동대구로25길,오류
1551,702989, 효동로6길,오류
1552,703182, 달구벌대로199길 ,오류
1553,703356, 입석점 ,오류
1554,704176, 방촌로15길 ,오류
1555,704219, 매자안길,오류
1556,704286, 상인서로 ,오류
1557,705906, 월배로84안길 ,오류
1558,706790, 대명동(대명3동) ,전북 군산시 대명동
1559,707295, 달구벌대로443길,오류
1560,707322, 월배로93길,오류
1561,707963, 팔공로25길 ,오류
1562,709849, 만촌로8길 ,오류
1563,710361, 만촌로32길 ,오류
1564,710465, 지범로31길 ,오류
1565,710794, 교동3길 ,오류
1566,713570, 달구벌대로264안길 ,오류
1567,713720, 국채보상로102길 ,오류
1568,713791, 동부로22길 ,오류
1569,713950, 대덕지점 ,오류
1570,714255, 청수로31길,오류
1571,714840, 795-3 ,오류
1572,717975, 조암로,오류
1573,719012, 달성공원로8길 ,오류
1574,720798, 수성로12길 ,오류
1575,721446, 달서구 두류동 ,대구 달서구 두류동
1576,722965, 연암로4길 ,오류
1577,723527, 북비산로76길 ,오류
1578,724796, 용산서로 ,오류
1579,724805, 침산3동 ,대구 북구 침산3동
1580,724820, 성당로50길 ,오류
1581,724866, 서대구로62길,오류
1582,724867, 미리샘길,오류
1583,724896, 두류1.2동 ,대구 달서구 두류동
1584,725180, 국채보상로46길,오류
1585,725584, 동대구로12길,오류
1586,725899, 장전3길,오류
1587,726481, 중앙대로58길 ,오류
1588,727094, 서대구로64안길 ,오류
1589,727604, 달서로,오류
1590,728850, 국채보상로38길 ,오류
1591,730802, 인산로 ,오류
1592,733246, 와룡로43길 ,오류
1593,733838, 국채보상로39길 ,오류
1594,733886, 범안로4길 ,오류
1595,735988, 구마로39길,오류
1596,736308, 월배로40길 ,오류
1597,737787, 송현동3길 ,오류
1598,737889, 유가읍 테크노대로,오류
1599,738170, 큰골길,오류
1600,738191, 국채보상로79길 ,오류
1601,740191, 지범로39길 ,오류
1602,740434, 포정동(성내1동),대구 중구 포정동
1603,741628, 동천로24길,오류
1604,741928, 성서동로66길 ,오류
1605,743974, 구지면 수리리,대구 달성군 구지면 수리리
1606,744242, 안지랑로17길 ,오류
1607,744338, 달서천로83길 ,오류
1608,747389, 달서로20길 ,오류
1609,749047, 이천로19길 ,오류
1610,749621, 계명5길 ,오류
1611,751460, 중앙대로22길,오류
1612,751660, 학남로 ,오류
1613,751955, 현풍읍 테크노상업로2길,오류
1614,751995, 14 ,오류
1615,752012, 칠곡중앙대로65길 ,오류
1616,752566, 칠곡중앙대로53길 ,오류
1617,753457, 용산서로,오류
1618,753712, 해동로,오류
1619,755447, 동화천로 ,오류
1620,756742, 수성로58길,오류
1621,759176, 방촌로 ,오류
1622,759187, 서구지회 ,오류
1623,759259, 달서로16길 ,오류
1624,760585, 북비산로74길 ,오류
1625,761094, 446-1 ,오류
1626,761096, 달성군 옥포읍 ,대구 달성군 옥포읍
1627,763777, 12 ,오류
1628,764909, 조야로14길 ,오류
1629,767529, 7-8라인 ,오류
1630,768291, 연암로,오류
1631,768716, 대명로53길,오류
1632,768911, 감삼길,오류
1633,769291, 미대동 ,대구 동구 미대동
1634,769343, 대명남로,오류
1635,771643, 지산로14길 ,오류
1636,771669, 앞산순환로93길 ,오류
1637,772145, 달구벌대로375길,오류
1638,774472, 관문시장4길,오류
1639,774699, 반야월로22길 ,오류
1640,774749, 서성로,오류
1641,775048, 화랑로39길 ,오류
1642,776403, 검단로,오류
1643,779720, 자유6길 ,오류
1644,779995, 명륜로,오류
1645,781735, 대명서4길 ,오류
1646,782035, 범물2동 ,대구 수성구 범물2동
1647,782601, (죽전점) ,오류
1648,783679, >>대명 ,오류
1649,783795, 대명서6길 ,오류
1650,785518, 침산남로13길,오류
1651,786502, 47-15>>상인 ,오류
1652,786557, 와룡로53길 ,오류
1653,787141, 이천로5길 ,오류
1654,787378, 아양로11길 ,오류
1655,791658, 문화회관6길 ,오류
1656,791938, 갓바위로 ,오류
1657,792017, 율하동로25길 ,오류
1658,793883, 달구벌대로291길 ,오류
1659,794195, 신천동로96길 ,오류
1660,797074, 화랑로42길 ,오류
1661,797314, 달서천로,오류
1662,798094, 태암로3길 ,오류
1663,798456, 현충로15길 ,오류
1664,798813, 지범로45길 ,오류
1665,799258, 경상2길 ,오류
1666,801315, 서대구로44길 ,오류
1667,802512, 현충로27길 ,오류
1668,805437, 평리로33길,오류
1669,805620, 달서구 이곡동 ,대구 달서구 이곡동
1670,807027, 효서길 ,오류
1671,809070, 성당로33안길 ,오류
1672,809289, 연암공원로 ,오류
1673,809843, 달성군 다사읍 ,대구 달성군 다사읍
1674,809961, 반야월북로2길 ,오류
1675,812377, 호산로 ,오류
1676,812380, 봉덕점 ,오류
1677,812857, 능성길 ,오류
1678,813675, 중앙대로42길,오류
1679,813716, 신서동(안심3.4동),대구 동구 신서동
1680,813919, 달성공원로8길,오류
1681,814916, 상인점 ,오류
1682,816659, 칠곡1동 ,오류
1683,817327, 화랑로,오류
1684,818736, 상원로4길 ,오류
1685,820122, 문화로14길 ,오류
1686,820388, 원대로,오류
1687,820909, 국채보상로36길 ,오류
1688,821438, 5번출구 >>칠곡 ,오류
1689,824025, 이곡점 ,오류
1690,824257, 팔거천동로4길 ,오류
1691,824447, 엑스코로 ,오류
1692,824502, 성당로47안길 ,오류
1693,824552, 안지랑로15길 ,오류
1694,824583, 명덕시장길 ,오류
1695,824889, 수성구 수성동2가 ,대구 수성구 수성동2가
1696,825025, 산격로6길 ,오류
1697,825030, 와룡로5길 ,오류
1698,825066, 용두2길 ,오류
1699,825212, 효성로 ,오류
1700,827591, 본사>>송현 ,오류
1701,827675, 수성로37길 ,오류
1702,828113, 명덕로30길 ,오류
1703,828232, 비산동(비산1동) ,경기 안양시 동안구 비산동
1704,829153, 현풍읍 신기리,대구 달성군 현풍읍 신기리
1705,829302, 봉덕로,오류
1706,829478, 성당로18길 ,오류
1707,829621, 아양로7길 ,오류
1708,832371, 달서로34길,오류
1709,833038, 송현역지점 ,오류
1710,835335, 42-9 ,오류
1711,835339, 국채보상로20길,오류
1712,835788, 감삼북2길,오류
1713,836049, 신암점 ,오류
1714,836779, 대명로36길 ,오류
1715,837385, 서대구로42길 ,오류
1716,837594, 수성로51길 ,오류
1717,839334, 명륜로23길,오류
1718,840988, 원대동 ,대구 서구 원대동
1719,841265, 성서공단로15길,오류
1720,843579, 47-15 ,오류
1721,844663, 대학로13길 ,오류
1722,846854, 월배로40길,오류
1723,846988, 18-2 ,오류
1724,847376, 성서동로62길,오류
1725,848484, 달구벌대로501길 ,오류
1726,848723, 들안로32길,오류
1727,848833, 아양로9길 ,오류
1728,851720, 국채보상로101길 ,오류
1729,851850, 성서공단로11길 ,오류
1730,852875, 당산로21길 ,오류
1731,852993, 월성로,오류
1732,854788, (대구) ,오류
1733,855116, 두류공원로12길,오류
1734,855871, 대명복개로3길 ,오류
1735,858521, 봉덕로 ,오류
1736,858720, 북구 복현동 ,대구 북구 복현동
1737,858761, 산격1동 ,대구 북구 산격1동
1738,858924, 신암남로27길 ,오류
1739,859172, 비산동(비산4동) ,경기 안양시 동안구 비산동
1740,859225, 대봉로18길 ,오류
1741,862064, 대현남로서4길 ,오류
1742,862276, 통학로49길 ,오류
1743,862319, 연암공원로14길 ,오류
1744,862960, 공평로10길 ,오류
1745,863275, 대천로 ,오류
1746,865927, 한강로,서울 용산구 한강로동
1747,866106, 두류남4길 ,오류
1748,866234, 동덕로8길 ,오류
1749,866946, 대현로9길 ,오류
1750,867394, 현충로1길 ,오류
1751,867466, 계대동문로3안길 ,오류
1752,868040, 관음동로13길 ,오류
1753,868139, 달구벌대로446길,오류
1754,869615, 갈밭로,오류
1755,869841, 동촌역사로3길 ,오류
1756,870179, 용학로44길 ,오류
1757,871493, 대현남로4길 ,오류
1758,871763, 26-5>>대명 ,오류
1759,873630, 성서공단로15길 ,오류
1760,873794, 명덕로28길,오류
1761,877319, >>신암 ,충남 예산군 신암면
1762,877880, 범안로16길,오류
1763,877904, 이천로32길,오류
1764,878761, 신매로4길 ,오류
1765,879206, 광덕시장북길 ,오류
1766,880896, 달서구 용산동 ,대구 달서구 용산동
1767,881417, 한실로6길,오류
1768,882088, 중앙대로29길 ,오류
1769,885120, 구지면 가천리,대구 달성군 구지면 가천리
1770,888335, 통학로40길 ,오류
1771,889378, 달성공원로5길 ,오류
1772,890549, 두류남6길 ,오류
1773,892446, 성서공단남로,오류
1774,892466, 다사읍 달구벌대로109길,오류
1775,892553, 달서천로87길,오류
1776,893087, 대경6길,오류
1777,893535, 동대구로55길,오류
1778,893567, 칠곡중앙대로91길,오류
1779,893667, 신천동로 ,오류
1780,893752, 서대구로42길,오류
1781,893805, 다사읍 왕선로,오류
1782,894338, 성당1동 ,대구 달서구 성당동
1783,894431, 다사읍 대실역남로4길,오류
1784,894484, 무학로11길 ,오류
1785,896280, 동성로 ,오류
1786,896555, 반야월북로57길 ,오류
1787,897717, 신암3동 ,대구 동구 신암3동
1788,901547, 큰장로 ,오류
1789,903565, 상화로7길 ,오류
1790,903730, 상화로,오류
1791,903957, 대구체육관로 ,오류
1792,905141, 대현남로2길,오류
1793,906235, 신평로16길 ,오류
1794,915394, 청수로26길 ,오류
1795,916236, 353-5>>불로동 ,오류
1796,919734, 한실로 ,오류
1797,920696, 221 ,오류
1798,921082, 구지면 목단리,대구 달성군 구지면 목단리
1799,922398, 칠곡3동 ,오류
1800,922477, 동성로2길 ,오류
1801,923181, 파동로25길 ,오류
1802,923929, 대명로36길,오류
1803,924122, 비슬로 ,오류
1804,926145, 신매로,오류
1805,926201, 중흥로16길 ,오류
1806,926771, 야외음악당로,오류
1807,926953, 서성로2가,대구 중구 서성로2가
1808,928019, 들안로42안길 ,오류
1809,929983, 효목동(효목2동) ,대구 동구 효목동
1810,931249, 연암공원로20길 ,오류
1811,938659, 평리로,오류
1812,940272, 2-4 ,오류
1813,942088, 대구2호선>>만촌 ,오류
1814,943514, 율하동로23길,오류
1815,943841, 353-5 ,오류
1816,947040, 월배로28길 ,오류
1817,950128, 43-6>>남산 ,오류
1818,950509, 통학로28길 ,오류
1819,950685, 동인1.2.4가동 ,대구 중구 동인동1가
1820,952781, 43-6 ,오류
1821,953248, 호반길 ,오류
1822,953256, 5 ,오류
1823,954060, 대천로,오류
1824,954074, 감삼길 ,오류
1825,954832, 동부로24길 ,오류
1826,958535, 지하580 ,오류
1827,964410, 수성구 만촌동 ,대구 수성구 만촌동
1828,965418, 범어로18길 ,오류
1829,965444, 대명천로45길 ,오류
1830,965991, 안심2동 ,대구 동구 안심2동
1831,966171, 와룡로72길 ,오류
1832,968487, 대학로25길 ,오류
1833,969527, 노변로 ,오류
1834,972378, 야외음악당로39길 ,오류
1835,976366, (대구지점) ,오류
1836,977966, 월성2동 ,대구 달서구 월성2동
1837,979089, 화랑로2길,오류
1838,981073, 칠곡중앙대로128길 ,오류
1839,981241, 신암남로27길,오류
1840,983179, 파도고개로 ,오류
1841,983247, 명륜로 ,오류
1842,983816, 평리6동,대구 서구 평리6동
1843,986720, 범어3동 ,대구 수성구 범어3동
1844,987652, 학정로109길 ,오류
1845,991986, 상화로5길 ,오류
1846,992545, 다사읍 달천리,대구 달성군 다사읍 달천리
1847,992982, 동덕로30길 ,오류
1848,994330, 현충로46길 ,오류
1849,994704, 수성못2길 ,오류
1850,995756, 명천로 ,오류
1851,998214, 와룡로,오류
1852,998524, 성북로 ,오류
1853,998640, 국채보상로61안길 ,오류
1854,1002297, 461 ,오류
1855,1005868, 큰장로,오류
1856,1009423, 812-1 ,오류
1857,1014249, 달서구 대천동 ,대구 달서구 대천동
1858,1017096, 금호강변로 ,오류
1859,1018245, 노변공원로 ,오류
1860,1018628, 북비산로29길 ,오류
1861,1018712, 중흥로4길 ,오류
1862,1019315, 두류남7길 ,오류
1863,1021014, 달서로5길 ,오류
1864,1021338, 연경지묘로 ,오류
1865,1030046, 월배로85길,오류
1866,1030381, (남구지회회장) ,오류
1867,1033282, 장전1길 ,오류
1868,1033986, 국채보상로75길 ,오류
1869,1037084, 두류공원로5길 ,오류
1870,1041108, 달구벌대로495길 ,오류
1871,1041276, 호국로39길 ,오류
1872,1041644, 재마루1길 ,오류
1873,1041786, 들안로28길 ,오류
1874,1043351, 중앙대로48길 ,오류
1875,1047540, 두류남3길 ,오류
1876,1048123, 남산로3안길 ,오류
1877,1048374, 현풍읍 지리,대구 달성군 현풍읍 지리
1878,1049755, 북비산로72길,오류
1879,1050819, 45-6 ,오류
1880,1054614, 고성북로 ,오류
1881,1058330, 조암로6길 ,오류
1882,1058422, 무열로39길 ,오류
1883,1062654, 신천동(신천1.2동),서울 송파구 신천동
1884,1063166, 동변동(무태조야동),대구 북구 동변동
1885,1063370, 선원로57길,오류
1886,1063818, 동대구로99길,오류
1887,1064806, 558-3 ,오류
1888,1064809, 남산3동 ,대구 중구 남산3동
1889,1066299, 새방로3길 ,오류
1890,1066319, 동구 방촌동 ,대구 동구 방촌동
1891,1068356, 침산로21길,오류
1892,1070049, 매천동(관문동),대구 북구 매천동
1893,1070929, 서변로 ,오류
1894,1073901, 대림동(안심3동),서울 영등포구 대림동
1895,1075057, 신천3동 ,대구 동구 신천3동
1896,1078282, 큰골5길,오류
1897,1078794, 북비산로53길 ,오류
1898,1081956, 방천로1길 ,오류
1899,1082975, 논공읍 상리,대구 달성군 논공읍 상리
1900,1083001, 남산1동 ,대구 중구 남산1동
1901,1083246, 237 ,오류
1902,1088876, 신천동로52길 ,오류
1903,1088955, 오봉로 ,오류
1904,1092575, 노곡로3길 ,오류
1905,1094524, 선원남로,오류
1906,1094708, 조암남로 ,오류
1907,1095077, 이곡공원로1길 ,오류
1908,1097017, ktx ,오류
1909,1097332, 와룡로9길 ,오류
1910,1100003, 월곡로53동길,오류
1911,1107605, 달구벌대로526길 ,오류
1912,1108177, 칠곡중앙대로71길,오류
1913,1112458, 서대구로5길 ,오류
1914,1115760, 들안로33길 ,오류
1915,1116238, 앞산순환로79길 ,오류
1916,1117199, 중흥로8길,오류
1917,1119172, 구암로21길 ,오류
1918,1119361, 명덕로2길,오류
1919,1119844, 태암로1길 ,오류
1920,1120326, 공경로3길 ,오류
1921,1120572, 지범로17길 ,오류
1922,1120675, 현충로18길 ,오류
1923,1121133, 현충로50길 ,오류
1924,1122983, 해동로6길 ,오류
1925,1123769, 선원남로20길 ,오류
1926,1126323, 범안로16길 ,오류
1927,1126534, 달구벌대로301길 ,오류
1928,1126541, 평리로83길 ,오류
1929,1135884, 감삼남2길 ,오류
1930,1138258, 용두길,오류
1931,1138718, 문화회관11안길 ,오류
1932,1142135, 무학로23길,오류
1933,1142749, 167-1 ,오류
1934,1145553, 주좌길 ,오류
1935,1147909, 달서구 대곡동 ,대구 달서구 대곡동
1936,1148983, 서촌로23길 ,오류
1937,1154446, 중앙대로30길 ,오류
1938,1161056, 대구호산점 ,오류
1939,1161333, 동성로5길,오류
1940,1161335, 중앙대로81길,오류
1941,1161336, 논공읍 위천1길,오류
1942,1161554, 동성로3가(성내2동),대구 중구 동성로3가
1943,1164669, 월배로84길 ,오류
1944,1165087, 무학로21안길 ,오류
1945,1166114, 들안로29길 ,오류
1946,1166628, 앞산순환로95길 ,오류
1947,1169808, 야외음악당로41안길 ,오류
